<?xml version="1.0" encoding="UTF-8"?>
<project-private xmlns="http://www.netbeans.org/ns/project-private/1">
    <editor-bookmarks xmlns="http://www.netbeans.org/ns/editor-bookmarks/2" lastBookmarkId="0"/>
    <open-files xmlns="http://www.netbeans.org/ns/projectui-open-files/2">
        <group>
            <file>file:/C:/Users/Hosea/Documents/NetBeansProjects/JavaApplication24/src/javaapplication24/JavaApplication24.java</file>
            <file>file:/C:/Users/Hosea/Documents/NetBeansProjects/JavaApplication24/test/javaapplication24/JavaApplication24Test.java</file>
        </group>
    </open-files>
</project-private>
